event_cause,eta_min
accident,39.835127025000006
congestion,71.53531281666667
procession,36.537950349999996
protest,30.6651656
tree_fall,62.19627536666667
vehicle_breakdown,40.730577116666666
